view_name,definition
mv_edges_2011_2_2012_1," SELECT COALESCE(t1.node1, t2.node1) AS node1,
    COALESCE(t1.node2, t2.node2) AS node2,
    (COALESCE(t1.h0, 0) + COALESCE(t2.h0, 0)) AS h0,
    (COALESCE(t1.h1, 0) + COALESCE(t2.h1, 0)) AS h1,
    (COALESCE(t1.h2, 0) + COALESCE(t2.h2, 0)) AS h2,
    (COALESCE(t1.h3, 0) + COALESCE(t2.h3, 0)) AS h3,
    (COALESCE(t1.h4, 0) + COALESCE(t2.h4, 0)) AS h4,
    (COALESCE(t1.h5, 0) + COALESCE(t2.h5, 0)) AS h5,
    (COALESCE(t1.h6, 0) + COALESCE(t2.h6, 0)) AS h6
   FROM (edges_2011_2 t1
     FULL JOIN edges_2012_1 t2 ON (((t1.node1 = t2.node1) AND (t1.node2 = t2.node2))));"
mv_edges_2011_2_2012_2," SELECT COALESCE(t1.node1, t2.node1) AS node1,
    COALESCE(t1.node2, t2.node2) AS node2,
    (COALESCE(t1.h0, 0) + COALESCE(t2.h0, 0)) AS h0,
    (COALESCE(t1.h1, 0) + COALESCE(t2.h1, 0)) AS h1,
    (COALESCE(t1.h2, 0) + COALESCE(t2.h2, 0)) AS h2,
    (COALESCE(t1.h3, 0) + COALESCE(t2.h3, 0)) AS h3,
    (COALESCE(t1.h4, 0) + COALESCE(t2.h4, 0)) AS h4,
    (COALESCE(t1.h5, 0) + COALESCE(t2.h5, 0)) AS h5,
    (COALESCE(t1.h6, 0) + COALESCE(t2.h6, 0)) AS h6
   FROM (mv_edges_2011_2_2012_1 t1
     FULL JOIN edges_2012_2 t2 ON (((t1.node1 = t2.node1) AND (t1.node2 = t2.node2))));"
mv_edges_2011_2_2013_1," SELECT COALESCE(t1.node1, t2.node1) AS node1,
    COALESCE(t1.node2, t2.node2) AS node2,
    (COALESCE(t1.h0, 0) + COALESCE(t2.h0, 0)) AS h0,
    (COALESCE(t1.h1, 0) + COALESCE(t2.h1, 0)) AS h1,
    (COALESCE(t1.h2, 0) + COALESCE(t2.h2, 0)) AS h2,
    (COALESCE(t1.h3, 0) + COALESCE(t2.h3, 0)) AS h3,
    (COALESCE(t1.h4, 0) + COALESCE(t2.h4, 0)) AS h4,
    (COALESCE(t1.h5, 0) + COALESCE(t2.h5, 0)) AS h5,
    (COALESCE(t1.h6, 0) + COALESCE(t2.h6, 0)) AS h6
   FROM (mv_edges_2011_2_2012_2 t1
     FULL JOIN edges_2013_1 t2 ON (((t1.node1 = t2.node1) AND (t1.node2 = t2.node2))));"
mv_edges_2011_2_2013_2," SELECT COALESCE(t1.node1, t2.node1) AS node1,
    COALESCE(t1.node2, t2.node2) AS node2,
    (COALESCE(t1.h0, 0) + COALESCE(t2.h0, 0)) AS h0,
    (COALESCE(t1.h1, 0) + COALESCE(t2.h1, 0)) AS h1,
    (COALESCE(t1.h2, 0) + COALESCE(t2.h2, 0)) AS h2,
    (COALESCE(t1.h3, 0) + COALESCE(t2.h3, 0)) AS h3,
    (COALESCE(t1.h4, 0) + COALESCE(t2.h4, 0)) AS h4,
    (COALESCE(t1.h5, 0) + COALESCE(t2.h5, 0)) AS h5,
    (COALESCE(t1.h6, 0) + COALESCE(t2.h6, 0)) AS h6
   FROM (mv_edges_2011_2_2013_1 t1
     FULL JOIN edges_2013_2 t2 ON (((t1.node1 = t2.node1) AND (t1.node2 = t2.node2))));"
mv_edges_2011_2_2014_1," SELECT COALESCE(t1.node1, t2.node1) AS node1,
    COALESCE(t1.node2, t2.node2) AS node2,
    (COALESCE(t1.h0, 0) + COALESCE(t2.h0, 0)) AS h0,
    (COALESCE(t1.h1, 0) + COALESCE(t2.h1, 0)) AS h1,
    (COALESCE(t1.h2, 0) + COALESCE(t2.h2, 0)) AS h2,
    (COALESCE(t1.h3, 0) + COALESCE(t2.h3, 0)) AS h3,
    (COALESCE(t1.h4, 0) + COALESCE(t2.h4, 0)) AS h4,
    (COALESCE(t1.h5, 0) + COALESCE(t2.h5, 0)) AS h5,
    (COALESCE(t1.h6, 0) + COALESCE(t2.h6, 0)) AS h6
   FROM (mv_edges_2011_2_2013_2 t1
     FULL JOIN edges_2014_1 t2 ON (((t1.node1 = t2.node1) AND (t1.node2 = t2.node2))));"
mv_edges_2011_2_2014_2," SELECT COALESCE(t1.node1, t2.node1) AS node1,
    COALESCE(t1.node2, t2.node2) AS node2,
    (COALESCE(t1.h0, 0) + COALESCE(t2.h0, 0)) AS h0,
    (COALESCE(t1.h1, 0) + COALESCE(t2.h1, 0)) AS h1,
    (COALESCE(t1.h2, 0) + COALESCE(t2.h2, 0)) AS h2,
    (COALESCE(t1.h3, 0) + COALESCE(t2.h3, 0)) AS h3,
    (COALESCE(t1.h4, 0) + COALESCE(t2.h4, 0)) AS h4,
    (COALESCE(t1.h5, 0) + COALESCE(t2.h5, 0)) AS h5,
    (COALESCE(t1.h6, 0) + COALESCE(t2.h6, 0)) AS h6
   FROM (mv_edges_2011_2_2014_1 t1
     FULL JOIN edges_2014_2 t2 ON (((t1.node1 = t2.node1) AND (t1.node2 = t2.node2))));"
mv_edges_2011_2_2015_1," SELECT COALESCE(t1.node1, t2.node1) AS node1,
    COALESCE(t1.node2, t2.node2) AS node2,
    (COALESCE(t1.h0, 0) + COALESCE(t2.h0, 0)) AS h0,
    (COALESCE(t1.h1, 0) + COALESCE(t2.h1, 0)) AS h1,
    (COALESCE(t1.h2, 0) + COALESCE(t2.h2, 0)) AS h2,
    (COALESCE(t1.h3, 0) + COALESCE(t2.h3, 0)) AS h3,
    (COALESCE(t1.h4, 0) + COALESCE(t2.h4, 0)) AS h4,
    (COALESCE(t1.h5, 0) + COALESCE(t2.h5, 0)) AS h5,
    (COALESCE(t1.h6, 0) + COALESCE(t2.h6, 0)) AS h6
   FROM (mv_edges_2011_2_2014_2 t1
     FULL JOIN edges_2015_1 t2 ON (((t1.node1 = t2.node1) AND (t1.node2 = t2.node2))));"
mv_edges_2011_2_2015_2," SELECT COALESCE(t1.node1, t2.node1) AS node1,
    COALESCE(t1.node2, t2.node2) AS node2,
    (COALESCE(t1.h0, 0) + COALESCE(t2.h0, 0)) AS h0,
    (COALESCE(t1.h1, 0) + COALESCE(t2.h1, 0)) AS h1,
    (COALESCE(t1.h2, 0) + COALESCE(t2.h2, 0)) AS h2,
    (COALESCE(t1.h3, 0) + COALESCE(t2.h3, 0)) AS h3,
    (COALESCE(t1.h4, 0) + COALESCE(t2.h4, 0)) AS h4,
    (COALESCE(t1.h5, 0) + COALESCE(t2.h5, 0)) AS h5,
    (COALESCE(t1.h6, 0) + COALESCE(t2.h6, 0)) AS h6
   FROM (mv_edges_2011_2_2015_1 t1
     FULL JOIN edges_2015_2 t2 ON (((t1.node1 = t2.node1) AND (t1.node2 = t2.node2))));"
mv_edges_2011_2_2016_1," SELECT COALESCE(t1.node1, t2.node1) AS node1,
    COALESCE(t1.node2, t2.node2) AS node2,
    (COALESCE(t1.h0, 0) + COALESCE(t2.h0, 0)) AS h0,
    (COALESCE(t1.h1, 0) + COALESCE(t2.h1, 0)) AS h1,
    (COALESCE(t1.h2, 0) + COALESCE(t2.h2, 0)) AS h2,
    (COALESCE(t1.h3, 0) + COALESCE(t2.h3, 0)) AS h3,
    (COALESCE(t1.h4, 0) + COALESCE(t2.h4, 0)) AS h4,
    (COALESCE(t1.h5, 0) + COALESCE(t2.h5, 0)) AS h5,
    (COALESCE(t1.h6, 0) + COALESCE(t2.h6, 0)) AS h6
   FROM (mv_edges_2011_2_2015_2 t1
     FULL JOIN edges_2016_1 t2 ON (((t1.node1 = t2.node1) AND (t1.node2 = t2.node2))));"
mv_edges_2011_2_2016_2," SELECT COALESCE(t1.node1, t2.node1) AS node1,
    COALESCE(t1.node2, t2.node2) AS node2,
    (COALESCE(t1.h0, 0) + COALESCE(t2.h0, 0)) AS h0,
    (COALESCE(t1.h1, 0) + COALESCE(t2.h1, 0)) AS h1,
    (COALESCE(t1.h2, 0) + COALESCE(t2.h2, 0)) AS h2,
    (COALESCE(t1.h3, 0) + COALESCE(t2.h3, 0)) AS h3,
    (COALESCE(t1.h4, 0) + COALESCE(t2.h4, 0)) AS h4,
    (COALESCE(t1.h5, 0) + COALESCE(t2.h5, 0)) AS h5,
    (COALESCE(t1.h6, 0) + COALESCE(t2.h6, 0)) AS h6
   FROM (mv_edges_2011_2_2016_1 t1
     FULL JOIN edges_2016_2 t2 ON (((t1.node1 = t2.node1) AND (t1.node2 = t2.node2))));"
mv_edges_2011_2_2017_1," SELECT COALESCE(t1.node1, t2.node1) AS node1,
    COALESCE(t1.node2, t2.node2) AS node2,
    (COALESCE(t1.h0, 0) + COALESCE(t2.h0, 0)) AS h0,
    (COALESCE(t1.h1, 0) + COALESCE(t2.h1, 0)) AS h1,
    (COALESCE(t1.h2, 0) + COALESCE(t2.h2, 0)) AS h2,
    (COALESCE(t1.h3, 0) + COALESCE(t2.h3, 0)) AS h3,
    (COALESCE(t1.h4, 0) + COALESCE(t2.h4, 0)) AS h4,
    (COALESCE(t1.h5, 0) + COALESCE(t2.h5, 0)) AS h5,
    (COALESCE(t1.h6, 0) + COALESCE(t2.h6, 0)) AS h6
   FROM (mv_edges_2011_2_2016_2 t1
     FULL JOIN edges_2017_1 t2 ON (((t1.node1 = t2.node1) AND (t1.node2 = t2.node2))));"
mv_edges_2011_2_2017_2," SELECT COALESCE(t1.node1, t2.node1) AS node1,
    COALESCE(t1.node2, t2.node2) AS node2,
    (COALESCE(t1.h0, 0) + COALESCE(t2.h0, 0)) AS h0,
    (COALESCE(t1.h1, 0) + COALESCE(t2.h1, 0)) AS h1,
    (COALESCE(t1.h2, 0) + COALESCE(t2.h2, 0)) AS h2,
    (COALESCE(t1.h3, 0) + COALESCE(t2.h3, 0)) AS h3,
    (COALESCE(t1.h4, 0) + COALESCE(t2.h4, 0)) AS h4,
    (COALESCE(t1.h5, 0) + COALESCE(t2.h5, 0)) AS h5,
    (COALESCE(t1.h6, 0) + COALESCE(t2.h6, 0)) AS h6
   FROM (mv_edges_2011_2_2017_1 t1
     FULL JOIN edges_2017_2 t2 ON (((t1.node1 = t2.node1) AND (t1.node2 = t2.node2))));"
